Item,Date,Value,Created_at
Net Income,2024-12-31,7091.0,2025-05-06 22:37:13.366272
Depreciation & Amortization,2024-12-31,5368.0,2025-05-06 22:37:13.366272
Stock-Based Compensation,2024-12-31,1999.0,2025-05-06 22:37:13.366272
Other Operating Activities,2024-12-31,384.0,2025-05-06 22:37:13.366272
Change in Accounts Receivable,2024-12-31,-1083.0,2025-05-06 22:37:13.366272
Change in Inventory,2024-12-31,937.0,2025-05-06 22:37:13.366272
Change in Accounts Payable,2024-12-31,3588.0,2025-05-06 22:37:13.366272
Change in Unearned Revenue,2024-12-31,502.0,2025-05-06 22:37:13.366272
Change in Other Net Operating Assets,2024-12-31,-3863.0,2025-05-06 22:37:13.366272
Operating Cash Flow,2024-12-31,14923.0,2025-05-06 22:37:13.366272
Operating Cash Flow Growth,2024-12-31,12.57,2025-05-06 22:37:13.366272
Capital Expenditures,2024-12-31,-11342.0,2025-05-06 22:37:13.366272
Investment in Securities,2024-12-31,-7445.0,2025-05-06 22:37:13.366272
Investing Cash Flow,2024-12-31,-18787.0,2025-05-06 22:37:13.366272
Long-Term Debt Issued,2024-12-31,5744.0,2025-05-06 22:37:13.366272
Long-Term Debt Repaid,2024-12-31,-2881.0,2025-05-06 22:37:13.366272
Net Debt Issued (Repaid),2024-12-31,2863.0,2025-05-06 22:37:13.366272
Issuance of Common Stock,2024-12-31,1241.0,2025-05-06 22:37:13.366272
Other Financing Activities,2024-12-31,-251.0,2025-05-06 22:37:13.366272
Financing Cash Flow,2024-12-31,3853.0,2025-05-06 22:37:13.366272
Foreign Exchange Rate Adjustments,2024-12-31,-141.0,2025-05-06 22:37:13.366272
Net Cash Flow,2024-12-31,-152.0,2025-05-06 22:37:13.366272
Free Cash Flow,2024-12-31,3581.0,2025-05-06 22:37:13.366272
Free Cash Flow Growth,2024-12-31,-17.81,2025-05-06 22:37:13.366272
Free Cash Flow Margin,2024-12-31,3.67,2025-05-06 22:37:13.366272
Free Cash Flow Per Share,2024-12-31,1.02,2025-05-06 22:37:13.366272
Cash Interest Paid,2024-12-31,277.0,2025-05-06 22:37:13.366272
Cash Income Tax Paid,2024-12-31,1331.0,2025-05-06 22:37:13.366272
Levered Free Cash Flow,2024-12-31,-826.88,2025-05-06 22:37:13.366272
Unlevered Free Cash Flow,2024-12-31,-608.13,2025-05-06 22:37:13.366272
Change in Net Working Capital,2024-12-31,1420.0,2025-05-06 22:37:13.366272
Net Income,2023-12-31,14997.0,2025-05-06 22:37:13.366272
Depreciation & Amortization,2023-12-31,4667.0,2025-05-06 22:37:13.366272
Stock-Based Compensation,2023-12-31,1812.0,2025-05-06 22:37:13.366272
Other Operating Activities,2023-12-31,-5972.0,2025-05-06 22:37:13.366272
Change in Accounts Receivable,2023-12-31,-586.0,2025-05-06 22:37:13.366272
Change in Inventory,2023-12-31,-1195.0,2025-05-06 22:37:13.366272
Change in Accounts Payable,2023-12-31,2605.0,2025-05-06 22:37:13.366272
Change in Unearned Revenue,2023-12-31,1532.0,2025-05-06 22:37:13.366272
Change in Other Net Operating Assets,2023-12-31,-4604.0,2025-05-06 22:37:13.366272
Operating Cash Flow,2023-12-31,13256.0,2025-05-06 22:37:13.366272
Operating Cash Flow Growth,2023-12-31,-9.97,2025-05-06 22:37:13.366272
Capital Expenditures,2023-12-31,-8899.0,2025-05-06 22:37:13.366272
Cash Acquisitions,2023-12-31,-64.0,2025-05-06 22:37:13.366272
Investment in Securities,2023-12-31,-6621.0,2025-05-06 22:37:13.366272
Investing Cash Flow,2023-12-31,-15584.0,2025-05-06 22:37:13.366272
Long-Term Debt Issued,2023-12-31,3931.0,2025-05-06 22:37:13.366272
Long-Term Debt Repaid,2023-12-31,-1815.0,2025-05-06 22:37:13.366272
Net Debt Issued (Repaid),2023-12-31,2116.0,2025-05-06 22:37:13.366272
Issuance of Common Stock,2023-12-31,700.0,2025-05-06 22:37:13.366272
Other Financing Activities,2023-12-31,-227.0,2025-05-06 22:37:13.366272
Financing Cash Flow,2023-12-31,2589.0,2025-05-06 22:37:13.366272
Foreign Exchange Rate Adjustments,2023-12-31,4.0,2025-05-06 22:37:13.366272
Net Cash Flow,2023-12-31,265.0,2025-05-06 22:37:13.366272
Free Cash Flow,2023-12-31,4357.0,2025-05-06 22:37:13.366272
Free Cash Flow Growth,2023-12-31,-42.38,2025-05-06 22:37:13.366272
Free Cash Flow Margin,2023-12-31,4.5,2025-05-06 22:37:13.366272
Free Cash Flow Per Share,2023-12-31,1.25,2025-05-06 22:37:13.366272
Cash Interest Paid,2023-12-31,126.0,2025-05-06 22:37:13.366272
Cash Income Tax Paid,2023-12-31,1119.0,2025-05-06 22:37:13.366272
Levered Free Cash Flow,2023-12-31,2230.0,2025-05-06 22:37:13.366272
Unlevered Free Cash Flow,2023-12-31,2328.0,2025-05-06 22:37:13.366272
Change in Net Working Capital,2023-12-31,809.0,2025-05-06 22:37:13.366272
Net Income,2022-12-31,12556.0,2025-05-06 22:37:13.366272
Depreciation & Amortization,2022-12-31,3543.0,2025-05-06 22:37:13.366272
Asset Writedown & Restructuring Costs,2022-12-31,204.0,2025-05-06 22:37:13.366272
Stock-Based Compensation,2022-12-31,1560.0,2025-05-06 22:37:13.366272
Other Operating Activities,2022-12-31,573.0,2025-05-06 22:37:13.366272
Change in Accounts Receivable,2022-12-31,-1124.0,2025-05-06 22:37:13.366272
Change in Inventory,2022-12-31,-6465.0,2025-05-06 22:37:13.366272
Change in Accounts Payable,2022-12-31,8029.0,2025-05-06 22:37:13.366272
Change in Unearned Revenue,2022-12-31,1131.0,2025-05-06 22:37:13.366272
Change in Other Net Operating Assets,2022-12-31,-5283.0,2025-05-06 22:37:13.366272
Operating Cash Flow,2022-12-31,14724.0,2025-05-06 22:37:13.366272
Operating Cash Flow Growth,2022-12-31,28.07,2025-05-06 22:37:13.366272
Capital Expenditures,2022-12-31,-7163.0,2025-05-06 22:37:13.366272
Sale (Purchase) of Intangibles,2022-12-31,-9.0,2025-05-06 22:37:13.366272
Investment in Securities,2022-12-31,-5813.0,2025-05-06 22:37:13.366272
Other Investing Activities,2022-12-31,1012.0,2025-05-06 22:37:13.366272
Investing Cash Flow,2022-12-31,-11973.0,2025-05-06 22:37:13.366272
Long-Term Debt Repaid,2022-12-31,-3866.0,2025-05-06 22:37:13.366272
Net Debt Issued (Repaid),2022-12-31,-3866.0,2025-05-06 22:37:13.366272
Issuance of Common Stock,2022-12-31,541.0,2025-05-06 22:37:13.366272
Other Financing Activities,2022-12-31,-202.0,2025-05-06 22:37:13.366272
Financing Cash Flow,2022-12-31,-3527.0,2025-05-06 22:37:13.366272
Foreign Exchange Rate Adjustments,2022-12-31,-444.0,2025-05-06 22:37:13.366272
Net Cash Flow,2022-12-31,-1220.0,2025-05-06 22:37:13.366272
Free Cash Flow,2022-12-31,7561.0,2025-05-06 22:37:13.366272
Free Cash Flow Growth,2022-12-31,51.74,2025-05-06 22:37:13.366272
Free Cash Flow Margin,2022-12-31,9.28,2025-05-06 22:37:13.366272
Free Cash Flow Per Share,2022-12-31,2.18,2025-05-06 22:37:13.366272
Cash Interest Paid,2022-12-31,152.0,2025-05-06 22:37:13.366272
Cash Income Tax Paid,2022-12-31,1203.0,2025-05-06 22:37:13.366272
Levered Free Cash Flow,2022-12-31,4004.0,2025-05-06 22:37:13.366272
Unlevered Free Cash Flow,2022-12-31,4124.0,2025-05-06 22:37:13.366272
Change in Net Working Capital,2022-12-31,2365.0,2025-05-06 22:37:13.366272
Net Income,2021-12-31,5519.0,2025-05-06 22:37:13.366272
Depreciation & Amortization,2021-12-31,2911.0,2025-05-06 22:37:13.366272
Stock-Based Compensation,2021-12-31,2121.0,2025-05-06 22:37:13.366272
Other Operating Activities,2021-12-31,279.0,2025-05-06 22:37:13.366272
Change in Accounts Receivable,2021-12-31,-130.0,2025-05-06 22:37:13.366272
Change in Inventory,2021-12-31,-1709.0,2025-05-06 22:37:13.366272
Change in Accounts Payable,2021-12-31,5367.0,2025-05-06 22:37:13.366272
Change in Unearned Revenue,2021-12-31,793.0,2025-05-06 22:37:13.366272
Change in Other Net Operating Assets,2021-12-31,-3654.0,2025-05-06 22:37:13.366272
Operating Cash Flow,2021-12-31,11497.0,2025-05-06 22:37:13.366272
Operating Cash Flow Growth,2021-12-31,93.45,2025-05-06 22:37:13.366272
Capital Expenditures,2021-12-31,-6514.0,2025-05-06 22:37:13.366272
Investment in Securities,2021-12-31,-132.0,2025-05-06 22:37:13.366272
Other Investing Activities,2021-12-31,-1222.0,2025-05-06 22:37:13.366272
Investing Cash Flow,2021-12-31,-7868.0,2025-05-06 22:37:13.366272
Long-Term Debt Issued,2021-12-31,8883.0,2025-05-06 22:37:13.366272
Long-Term Debt Repaid,2021-12-31,-14615.0,2025-05-06 22:37:13.366272
Net Debt Issued (Repaid),2021-12-31,-5732.0,2025-05-06 22:37:13.366272
Issuance of Common Stock,2021-12-31,707.0,2025-05-06 22:37:13.366272
Other Financing Activities,2021-12-31,-178.0,2025-05-06 22:37:13.366272
Financing Cash Flow,2021-12-31,-5203.0,2025-05-06 22:37:13.366272
Foreign Exchange Rate Adjustments,2021-12-31,-183.0,2025-05-06 22:37:13.366272
Net Cash Flow,2021-12-31,-1757.0,2025-05-06 22:37:13.366272
Free Cash Flow,2021-12-31,4983.0,2025-05-06 22:37:13.366272
Free Cash Flow Growth,2021-12-31,83.81,2025-05-06 22:37:13.366272
Free Cash Flow Margin,2021-12-31,9.26,2025-05-06 22:37:13.366272
Free Cash Flow Per Share,2021-12-31,1.47,2025-05-06 22:37:13.366272
Cash Interest Paid,2021-12-31,266.0,2025-05-06 22:37:13.366272
Cash Income Tax Paid,2021-12-31,561.0,2025-05-06 22:37:13.366272
Levered Free Cash Flow,2021-12-31,6221.0,2025-05-06 22:37:13.366272
Unlevered Free Cash Flow,2021-12-31,6453.0,2025-05-06 22:37:13.366272
Change in Net Working Capital,2021-12-31,-3858.0,2025-05-06 22:37:13.366272
Net Income,2020-12-31,721.0,2025-05-06 22:37:13.366272
Depreciation & Amortization,2020-12-31,2322.0,2025-05-06 22:37:13.366272
Stock-Based Compensation,2020-12-31,1734.0,2025-05-06 22:37:13.366272
Other Operating Activities,2020-12-31,982.0,2025-05-06 22:37:13.366272
Change in Accounts Receivable,2020-12-31,-652.0,2025-05-06 22:37:13.366272
Change in Inventory,2020-12-31,-422.0,2025-05-06 22:37:13.366272
Change in Accounts Payable,2020-12-31,2102.0,2025-05-06 22:37:13.366272
Change in Unearned Revenue,2020-12-31,321.0,2025-05-06 22:37:13.366272
Change in Other Net Operating Assets,2020-12-31,-1165.0,2025-05-06 22:37:13.366272
Operating Cash Flow,2020-12-31,5943.0,2025-05-06 22:37:13.366272
Operating Cash Flow Growth,2020-12-31,147.11,2025-05-06 22:37:13.366272
Capital Expenditures,2020-12-31,-3232.0,2025-05-06 22:37:13.366272
Cash Acquisitions,2020-12-31,-13.0,2025-05-06 22:37:13.366272
Sale (Purchase) of Intangibles,2020-12-31,-10.0,2025-05-06 22:37:13.366272
Other Investing Activities,2020-12-31,123.0,2025-05-06 22:37:13.366272
Investing Cash Flow,2020-12-31,-3132.0,2025-05-06 22:37:13.366272
Long-Term Debt Issued,2020-12-31,9713.0,2025-05-06 22:37:13.366272
Long-Term Debt Repaid,2020-12-31,-12201.0,2025-05-06 22:37:13.366272
Net Debt Issued (Repaid),2020-12-31,-2488.0,2025-05-06 22:37:13.366272
Issuance of Common Stock,2020-12-31,12686.0,2025-05-06 22:37:13.366272
Other Financing Activities,2020-12-31,-225.0,2025-05-06 22:37:13.366272
Financing Cash Flow,2020-12-31,9973.0,2025-05-06 22:37:13.366272
Foreign Exchange Rate Adjustments,2020-12-31,334.0,2025-05-06 22:37:13.366272
Net Cash Flow,2020-12-31,13118.0,2025-05-06 22:37:13.366272
Free Cash Flow,2020-12-31,2711.0,2025-05-06 22:37:13.366272
Free Cash Flow Growth,2020-12-31,178.62,2025-05-06 22:37:13.366272
Free Cash Flow Margin,2020-12-31,8.6,2025-05-06 22:37:13.366272
Free Cash Flow Per Share,2020-12-31,0.83,2025-05-06 22:37:13.366272
Cash Interest Paid,2020-12-31,444.0,2025-05-06 22:37:13.366272
Cash Income Tax Paid,2020-12-31,115.0,2025-05-06 22:37:13.366272
Levered Free Cash Flow,2020-12-31,3244.0,2025-05-06 22:37:13.366272
Unlevered Free Cash Flow,2020-12-31,3711.0,2025-05-06 22:37:13.366272
Change in Net Working Capital,2020-12-31,-1678.0,2025-05-06 22:37:13.366272
